Type,Name,Request Count,Failure Count,Median Response Time,Average Response Time,Min Response Time,Max Response Time,Average Content Size,Requests/s,Failures/s,50%,66%,75%,80%,90%,95%,98%,99%,99.9%,99.99%,100%
POST,/api/generate,21,0,25000.0,37371.49906861907,198.4779599997637,86421.26279200011,61.23809523809524,0.24294428723453676,0.0,25000,69000,78000,78000,79000,79000,86000,86000,86000,86000,86000
GEN,SLO_Missed,21,0,25000.0,37371.5352671487,198.51183891296387,86421.28896713257,86.66666666666667,0.24294428723453676,0.0,25000,69000,78000,78000,79000,79000,86000,86000,86000,86000,86000
,Aggregated,42,0,25000.0,37371.51716788389,198.4779599997637,86421.28896713257,73.95238095238095,0.4858885744690735,0.0,25000,69000,78000,78000,79000,79000,86000,86000,86000,86000,86000
