Type,Name,Request Count,Failure Count,Median Response Time,Average Response Time,Min Response Time,Max Response Time,Average Content Size,Requests/s,Failures/s,50%,66%,75%,80%,90%,95%,98%,99%,99.9%,99.99%,100%
POST,/api/generate,11,0,17000.0,40132.58803936359,941.251340000008,85780.16451000008,61.45454545454545,0.12529267088691556,0.0,17000,77000,80000,80000,85000,86000,86000,86000,86000,86000,86000
GEN,SLO_Met,3,0,6000.0,5968.412399291992,5904.6173095703125,6004.445552825928,128.0,0.03417072842370424,0.0,6000,6000,6000,6000,6000,6000,6000,6000,6000,6000,6000
GEN,SLO_Missed,8,0,75000.0,52944.2033469677,941.2813186645508,85780.19499778748,87.875,0.09112194246321131,0.0,77000,80000,85000,85000,86000,86000,86000,86000,86000,86000,86000
,Aggregated,22,0,17000.0,40132.6060184826,941.251340000008,85780.19499778748,80.13636363636364,0.2505853417738311,0.0,17000,77000,80000,80000,85000,86000,86000,86000,86000,86000,86000
