Type,Name,Request Count,Failure Count,Median Response Time,Average Response Time,Min Response Time,Max Response Time,Average Content Size,Requests/s,Failures/s,50%,66%,75%,80%,90%,95%,98%,99%,99.9%,99.99%,100%
POST,/api/generate,12,0,57000.0,62009.412324833334,50628.27732300002,83285.51696299996,62.083333333333336,0.13746962250927805,0.0,57000,57000,76000,76000,81000,83000,83000,83000,83000,83000,83000
GEN,SLO_Missed,12,0,57000.0,62009.4498594602,50628.32021713257,83285.55750846863,128.0,0.13746962250927805,0.0,57000,57000,76000,76000,81000,83000,83000,83000,83000,83000,83000
,Aggregated,24,0,57000.0,62009.43109214676,50628.27732300002,83285.55750846863,95.04166666666667,0.2749392450185561,0.0,57000,57000,76000,76000,81000,83000,83000,83000,83000,83000,83000
