Type,Name,Request Count,Failure Count,Median Response Time,Average Response Time,Min Response Time,Max Response Time,Average Content Size,Requests/s,Failures/s,50%,66%,75%,80%,90%,95%,98%,99%,99.9%,99.99%,100%
POST,/api/generate,15,0,61000.0,64660.94366526666,54080.26029100006,75801.45393600015,61.733333333333334,0.1841661202140748,0.0,61000,71000,75000,75000,76000,76000,76000,76000,76000,76000,76000
GEN,SLO_Missed,15,0,61000.0,64660.98076502482,54080.305337905884,75801.49292945862,128.0,0.1841661202140748,0.0,61000,71000,75000,75000,76000,76000,76000,76000,76000,76000,76000
,Aggregated,30,0,61000.0,64660.96221514574,54080.26029100006,75801.49292945862,94.86666666666666,0.3683322404281496,0.0,61000,71000,75000,75000,76000,76000,76000,76000,76000,76000,76000
