Type,Name,Request Count,Failure Count,Median Response Time,Average Response Time,Min Response Time,Max Response Time,Average Content Size,Requests/s,Failures/s,50%,66%,75%,80%,90%,95%,98%,99%,99.9%,99.99%,100%
POST,/api/generate,32,0,37000.0,31552.592687750028,12207.89871199986,51622.790808999984,62.3125,0.3594579608927704,0.0,37000,38000,38000,38000,38000,49000,52000,52000,52000,52000,52000
GEN,SLO_Missed,32,0,37000.0,31552.629254758358,12207.940101623535,51622.82133102417,128.0,0.3594579608927704,0.0,37000,38000,38000,38000,38000,49000,52000,52000,52000,52000,52000
,Aggregated,64,0,37000.0,31552.61097125419,12207.89871199986,51622.82133102417,95.15625,0.7189159217855408,0.0,37000,38000,38000,38000,38000,49000,52000,52000,52000,52000,52000
