Type,Name,Request Count,Failure Count,Median Response Time,Average Response Time,Min Response Time,Max Response Time,Average Content Size,Requests/s,Failures/s,50%,66%,75%,80%,90%,95%,98%,99%,99.9%,99.99%,100%
POST,/api/generate,16,0,56000.0,57372.68804031248,9429.855763999967,82011.15727699993,62.1875,0.18156256044663144,0.0,56000,63000,76000,76000,81000,82000,82000,82000,82000,82000,82000
GEN,SLO_Missed,16,0,56000.0,57372.72545695305,9429.892778396606,82011.20090484619,128.0,0.18156256044663144,0.0,56000,63000,76000,76000,81000,82000,82000,82000,82000,82000,82000
,Aggregated,32,0,56000.0,57372.706748632765,9429.855763999967,82011.20090484619,95.09375,0.3631251208932629,0.0,56000,63000,76000,76000,81000,82000,82000,82000,82000,82000,82000
