Type,Name,Request Count,Failure Count,Median Response Time,Average Response Time,Min Response Time,Max Response Time,Average Content Size,Requests/s,Failures/s,50%,66%,75%,80%,90%,95%,98%,99%,99.9%,99.99%,100%
POST,/api/generate,28,0,56000.0,44093.06918267857,129.56343500013645,84848.10265199986,61.642857142857146,0.3150895237498954,0.0,56000,57000,57000,73000,82000,84000,85000,85000,85000,85000,85000
GEN,SLO_Met,1,0,5986.4466190338135,5986.4466190338135,5986.4466190338135,5986.4466190338135,128.0,0.011253197276781979,0.0,6000,6000,6000,6000,6000,6000,6000,6000,6000,6000,6000
GEN,SLO_Missed,27,0,56000.0,45504.47009227894,129.60243225097656,84848.14405441284,97.48148148148148,0.3038363264731134,0.0,56000,57000,57000,73000,82000,84000,85000,85000,85000,85000,85000
,Aggregated,56,0,56000.0,44093.09064688508,129.56343500013645,84848.14405441284,80.10714285714286,0.6301790474997908,0.0,56000,57000,57000,73000,82000,84000,85000,85000,85000,85000,85000
