Type,Name,Request Count,Failure Count,Median Response Time,Average Response Time,Min Response Time,Max Response Time,Average Content Size,Requests/s,Failures/s,50%,66%,75%,80%,90%,95%,98%,99%,99.9%,99.99%,100%
POST,/api/generate,28,0,38000.0,31307.662527392826,7219.918594999854,48070.518312000335,62.17857142857143,0.3286688447879202,0.0,38000,38000,39000,40000,42000,45000,48000,48000,48000,48000,48000
GEN,SLO_Missed,28,0,38000.0,31307.69945893969,7219.960927963257,48070.55044174194,128.0,0.3286688447879202,0.0,38000,38000,39000,40000,42000,45000,48000,48000,48000,48000,48000
,Aggregated,56,0,38000.0,31307.680993166276,7219.918594999854,48070.55044174194,95.08928571428571,0.6573376895758404,0.0,38000,38000,39000,40000,42000,45000,48000,48000,48000,48000,48000
