Type,Name,Request Count,Failure Count,Median Response Time,Average Response Time,Min Response Time,Max Response Time,Average Content Size,Requests/s,Failures/s,50%,66%,75%,80%,90%,95%,98%,99%,99.9%,99.99%,100%
POST,/api/generate,34,0,39000.0,37136.468759588264,19759.05353899998,42166.055355000026,62.11764705882353,0.40645053022949384,0.0,39000,39000,40000,40000,41000,42000,42000,42000,42000,42000,42000
GEN,SLO_Missed,34,0,39000.0,37136.50507085463,19759.092807769775,42166.09287261963,128.0,0.40645053022949384,0.0,39000,39000,40000,40000,41000,42000,42000,42000,42000,42000,42000
,Aggregated,68,0,39000.0,37136.48691522144,19759.05353899998,42166.09287261963,95.05882352941177,0.8129010604589877,0.0,39000,39000,40000,40000,41000,42000,42000,42000,42000,42000,42000
