Type,Name,Request Count,Failure Count,Median Response Time,Average Response Time,Min Response Time,Max Response Time,Average Content Size,Requests/s,Failures/s,50%,66%,75%,80%,90%,95%,98%,99%,99.9%,99.99%,100%
POST,/api/generate,30,0,51000.0,41232.0548834333,371.7412500000137,67401.19242900028,61.96666666666667,0.37280712260647775,0.0,52000,54000,58000,59000,67000,67000,67000,67000,67000,67000,67000
GEN,SLO_Missed,30,0,51000.0,41232.11031754812,371.7796802520752,67401.79419517517,111.16666666666667,0.37280712260647775,0.0,52000,54000,58000,59000,67000,67000,67000,67000,67000,67000,67000
,Aggregated,60,0,51000.0,41232.08260049072,371.7412500000137,67401.79419517517,86.56666666666666,0.7456142452129555,0.0,52000,54000,58000,59000,67000,67000,67000,67000,67000,67000,67000
