Type,Name,Request Count,Failure Count,Median Response Time,Average Response Time,Min Response Time,Max Response Time,Average Content Size,Requests/s,Failures/s,50%,66%,75%,80%,90%,95%,98%,99%,99.9%,99.99%,100%
POST,/api/generate,10,0,13000.0,28322.995944699993,273.6112750000075,82547.25581899993,61.3,0.11825879950586404,0.0,16000,18000,58000,71000,83000,83000,83000,83000,83000,83000,83000
GEN,SLO_Missed,10,0,13000.0,28323.03433418274,273.6518383026123,82547.292470932,71.1,0.11825879950586404,0.0,16000,18000,58000,71000,83000,83000,83000,83000,83000,83000,83000
,Aggregated,20,0,13000.0,28323.015139441366,273.6112750000075,82547.292470932,66.2,0.23651759901172809,0.0,16000,18000,58000,71000,83000,83000,83000,83000,83000,83000,83000
