Type,Name,Request Count,Failure Count,Median Response Time,Average Response Time,Min Response Time,Max Response Time,Average Content Size,Requests/s,Failures/s,50%,66%,75%,80%,90%,95%,98%,99%,99.9%,99.99%,100%
POST,/api/generate,15,0,61000.0,65535.859342600015,51877.24298899991,79145.39677300013,61.86666666666667,0.1751040690156272,0.0,61000,74000,79000,79000,79000,79000,79000,79000,79000,79000,79000
GEN,SLO_Missed,15,0,61000.0,65535.895236333214,51877.28929519653,79145.43771743774,128.0,0.1751040690156272,0.0,61000,74000,79000,79000,79000,79000,79000,79000,79000,79000,79000
,Aggregated,30,0,61000.0,65535.877289466625,51877.24298899991,79145.43771743774,94.93333333333334,0.3502081380312544,0.0,61000,74000,79000,79000,79000,79000,79000,79000,79000,79000,79000
