Type,Name,Request Count,Failure Count,Median Response Time,Average Response Time,Min Response Time,Max Response Time,Average Content Size,Requests/s,Failures/s,50%,66%,75%,80%,90%,95%,98%,99%,99.9%,99.99%,100%
POST,/api/generate,25,0,39000.0,36691.33322839995,9888.076860999718,51011.39232499963,62.0,0.2974275296741454,0.0,39000,39000,40000,40000,43000,49000,51000,51000,51000,51000,51000
GEN,SLO_Missed,25,0,39000.0,36691.41799926758,9888.115882873535,51011.423110961914,128.0,0.2974275296741454,0.0,39000,39000,40000,40000,43000,49000,51000,51000,51000,51000,51000
,Aggregated,50,0,39000.0,36691.375613833756,9888.076860999718,51011.423110961914,95.0,0.5948550593482907,0.0,39000,39000,40000,40000,43000,49000,51000,51000,51000,51000,51000
