Type,Name,Request Count,Failure Count,Median Response Time,Average Response Time,Min Response Time,Max Response Time,Average Content Size,Requests/s,Failures/s,50%,66%,75%,80%,90%,95%,98%,99%,99.9%,99.99%,100%
POST,/api/generate,28,0,38000.0,33078.79143907145,7158.29105199964,47461.25028899996,62.392857142857146,0.3560021288009965,0.0,38000,39000,39000,40000,44000,47000,47000,47000,47000,47000,47000
GEN,SLO_Missed,28,0,38000.0,33078.83004631315,7158.336400985718,47461.283922195435,128.0,0.3560021288009965,0.0,38000,39000,39000,40000,44000,47000,47000,47000,47000,47000,47000
,Aggregated,56,0,38000.0,33078.810742692294,7158.29105199964,47461.283922195435,95.19642857142857,0.712004257601993,0.0,38000,39000,39000,40000,44000,47000,47000,47000,47000,47000,47000
