Type,Name,Request Count,Failure Count,Median Response Time,Average Response Time,Min Response Time,Max Response Time,Average Content Size,Requests/s,Failures/s,50%,66%,75%,80%,90%,95%,98%,99%,99.9%,99.99%,100%
POST,/api/generate,25,0,43000.0,45549.70588259995,4427.622292999786,80566.73081400004,62.28,0.2851476462007824,0.0,43000,51000,52000,61000,75000,77000,81000,81000,81000,81000,81000
GEN,SLO_Missed,25,0,43000.0,45549.744749069214,4427.685499191284,80566.77150726318,123.76,0.2851476462007824,0.0,43000,51000,52000,61000,75000,77000,81000,81000,81000,81000,81000
,Aggregated,50,0,43000.0,45549.72531583459,4427.622292999786,80566.77150726318,93.02,0.5702952924015648,0.0,43000,51000,52000,61000,75000,77000,81000,81000,81000,81000,81000
