Type,Name,Request Count,Failure Count,Median Response Time,Average Response Time,Min Response Time,Max Response Time,Average Content Size,Requests/s,Failures/s,50%,66%,75%,80%,90%,95%,98%,99%,99.9%,99.99%,100%
POST,/api/generate,15,0,61000.0,65503.23301746665,52621.59334099999,76541.82338800002,62.2,0.17952522196345216,0.0,61000,72000,76000,76000,76000,77000,77000,77000,77000,77000,77000
GEN,SLO_Missed,15,0,61000.0,65503.28176816305,52621.64640426636,76542.0777797699,128.0,0.17952522196345216,0.0,61000,72000,76000,76000,76000,77000,77000,77000,77000,77000,77000
,Aggregated,30,0,61000.0,65503.25739281485,52621.59334099999,76542.0777797699,95.1,0.35905044392690433,0.0,61000,72000,76000,76000,76000,77000,77000,77000,77000,77000,77000
