Type,Name,Request Count,Failure Count,Median Response Time,Average Response Time,Min Response Time,Max Response Time,Average Content Size,Requests/s,Failures/s,50%,66%,75%,80%,90%,95%,98%,99%,99.9%,99.99%,100%
POST,/api/generate,786,0,1400.0,2109.746531661584,1338.1129679999049,4492.5478640000165,55.8587786259542,13.30785082449912,0.0,1400,2700,3000,3100,3500,3700,4000,4200,4500,4500,4500
GEN,SLO_Met,786,0,1400.0,2109.7785489249777,1338.139295578003,4492.579936981201,128.0,13.30785082449912,0.0,1400,2700,3000,3100,3500,3700,4000,4200,4500,4500,4500
,Aggregated,1572,0,1400.0,2109.762540293278,1338.1129679999049,4492.579936981201,91.9293893129771,26.61570164899824,0.0,1400,2700,3000,3100,3500,3700,4000,4200,4500,4500,4500
