Type,Name,Request Count,Failure Count,Median Response Time,Average Response Time,Min Response Time,Max Response Time,Average Content Size,Requests/s,Failures/s,50%,66%,75%,80%,90%,95%,98%,99%,99.9%,99.99%,100%
POST,/api/generate,7,0,48000.0,44753.78696757148,26810.894354000084,49936.940144999884,62.0,0.1227097798967283,0.0,48000,49000,50000,50000,50000,50000,50000,50000,50000,50000,50000
SINGLE,general_large,7,0,48000.0,44753.825664520264,26810.937881469727,49936.97094917297,128.0,0.1227097798967283,0.0,48000,49000,50000,50000,50000,50000,50000,50000,50000,50000,50000
,Aggregated,14,0,48000.0,44753.80631604588,26810.894354000084,49936.97094917297,95.0,0.2454195597934566,0.0,48000,49000,50000,50000,50000,50000,50000,50000,50000,50000,50000
