Type,Name,Request Count,Failure Count,Median Response Time,Average Response Time,Min Response Time,Max Response Time,Average Content Size,Requests/s,Failures/s,50%,66%,75%,80%,90%,95%,98%,99%,99.9%,99.99%,100%
POST,/api/generate,5,0,32000.0,31315.618099599942,29621.898074,32577.235179000127,62.0,0.14032805048895594,0.0,32000,32000,32000,33000,33000,33000,33000,33000,33000,33000,33000
SINGLE,general_large,3,0,32000.0,32199.148416519165,31651.42583847046,32577.28147506714,128.0,0.08419683029337358,0.0,32000,32000,33000,33000,33000,33000,33000,33000,33000,33000,33000
SINGLE,general_small,2,0,30000.0,29990.418910980225,29621.935844421387,30358.901977539062,128.0,0.05613122019558238,0.0,30000,30000,30000,30000,30000,30000,30000,30000,30000,30000,30000
,Aggregated,10,0,32000.0,31315.637356951764,29621.898074,32577.28147506714,95.0,0.2806561009779119,0.0,32000,32000,32000,33000,33000,33000,33000,33000,33000,33000,33000
