Type,Name,Request Count,Failure Count,Median Response Time,Average Response Time,Min Response Time,Max Response Time,Average Content Size,Requests/s,Failures/s,50%,66%,75%,80%,90%,95%,98%,99%,99.9%,99.99%,100%
POST,/api/generate,42,42,3,9.890031190436622,2.198860999669705,77.58447900005194,62.0,2.444449455309627,2.444449455309627,4,7,8,9,11,74,78,78,78,78,78
SINGLE,general_large,42,42,3,9.925819578624907,2.2351741790771484,77.61311531066895,664.2857142857143,2.444449455309627,2.444449455309627,4,7,8,9,11,74,78,78,78,78,78
,Aggregated,84,84,3,9.907925384530765,2.198860999669705,77.61311531066895,363.14285714285717,4.888898910619254,4.888898910619254,4,7,8,9,11,74,78,78,78,78,78
