Type,Name,Request Count,Failure Count,Median Response Time,Average Response Time,Min Response Time,Max Response Time,Average Content Size,Requests/s,Failures/s,50%,66%,75%,80%,90%,95%,98%,99%,99.9%,99.99%,100%
POST,/api/generate,676,0,900.0,974.5826825422728,54.2864000890404,3951.028000097722,108.28550295857988,16.309302403556217,0.0,900,1300,1600,1700,1900,2000,2400,3200,4000,4000,4000
,Aggregated,676,0,900.0,974.5826825422728,54.2864000890404,3951.028000097722,108.28550295857988,16.309302403556217,0.0,900,1300,1600,1700,1900,2000,2400,3200,4000,4000,4000
