Type,Name,Request Count,Failure Count,Median Response Time,Average Response Time,Min Response Time,Max Response Time,Average Content Size,Requests/s,Failures/s,50%,66%,75%,80%,90%,95%,98%,99%,99.9%,99.99%,100%
POST,/api/generate,660,0,880.0,937.6766968188653,53.80300001706928,4106.754199950956,108.06363636363636,16.423202717552225,0.0,880,1300,1500,1600,1900,2000,2000,2800,4100,4100,4100
,Aggregated,660,0,880.0,937.6766968188653,53.80300001706928,4106.754199950956,108.06363636363636,16.423202717552225,0.0,880,1300,1500,1600,1900,2000,2000,2800,4100,4100,4100
