Type,Name,Request Count,Failure Count,Median Response Time,Average Response Time,Min Response Time,Max Response Time,Average Content Size,Requests/s,Failures/s,50%,66%,75%,80%,90%,95%,98%,99%,99.9%,99.99%,100%
POST,/api/generate,663,0,880.0,902.880205582479,53.40039997827262,3311.481500044465,108.56108597285068,16.435406350396207,0.0,880,1300,1500,1600,1800,2000,2000,2100,3300,3300,3300
,Aggregated,663,0,880.0,902.880205582479,53.40039997827262,3311.481500044465,108.56108597285068,16.435406350396207,0.0,880,1300,1500,1600,1800,2000,2000,2100,3300,3300,3300
