Type,Name,Request Count,Failure Count,Median Response Time,Average Response Time,Min Response Time,Max Response Time,Average Content Size,Requests/s,Failures/s,50%,66%,75%,80%,90%,95%,98%,99%,99.9%,99.99%,100%
POST,/api/generate,664,0,900.0,949.0115376517558,53.83009999059141,4067.4575000302866,108.14156626506023,16.46891289095507,0.0,920,1300,1500,1600,1900,2000,2600,3100,4100,4100,4100
,Aggregated,664,0,900.0,949.0115376517558,53.83009999059141,4067.4575000302866,108.14156626506023,16.46891289095507,0.0,920,1300,1500,1600,1900,2000,2600,3100,4100,4100,4100
