test,workers,5iter_p99_mean,5iter_p99_std,5iter_tps_mean,5iter_tps_std,5iter_tpot_mean,5iter_tpot_std,5iter_overhead_mean,5iter_overhead_std,10iter_p99_mean,10iter_p99_std,10iter_tps_mean,10iter_tps_std,10iter_tpot_mean,10iter_tpot_std,10iter_overhead_mean,10iter_overhead_std
T4_Roofline,8,3300.0,141.4213562373095,48.42967202816267,1.2541266871354961,25.78125,1.1048543456039805,5086.460239374215,53.252887516527096,3160.0,272.7636339397171,48.86102554478841,1.0680400988760939,24.6875,2.13096589015404,5016.135865374388,101.4512518908798
T7_Scale_8,8,2600.0,544.0588203494177,13.12525571719273,0.14782752731873922,20.3125,4.250459533979826,6131.5638022178455,262.6249815293325,2730.0,571.0516614107694,13.19993248474373,0.2663626314476848,21.328125,4.461341104771636,6557.416623802163,627.4086537938696
T7_Scale_64,64,2100.0,0.0,64.53477776483898,0.38586113563896945,16.40625,0.0,14083.407145815529,342.75112140134627,2130.0,90.0,64.6206420059207,0.31084803594927674,16.640625,0.703125,14222.35696335133,354.898997885936
T3_ColdStart,2,3420.0,160.0,29.46355119429183,0.34485666168018025,26.71875,1.25,3947.0954912107422,276.18284923274996,3440.0,174.35595774162695,29.557144082201773,0.41299302153777856,26.875,1.3621559198564606,3887.251229965311,223.26416841169097
T5_Spike,8,3360.0,402.9888335921977,61.74292363653292,1.5461971366218756,26.25,3.1483502624390445,4924.4933521960675,437.16639894107897,3420.0,309.19249667480614,61.86827856350227,1.3409637143912683,26.71875,2.415566380271923,4672.842740382986,508.9705513856596
T6_vLLM,0,2660.0,818.7795796183489,28.064882825160076,6.388673776945673,20.78125,6.3967154657683505,,,3150.0,873.212459828649,24.98516256748496,5.495268855018316,24.609375,6.82197234241132,,
T6_vLLM,0,4960.0,1939.6906969926931,21.06170862690262,7.324797320115657,38.75,15.153833570255415,0.0,0.0,6850.0,2873.0645659295583,16.733598989926747,6.81425304159647,53.515625,22.445816921324674,0.0,0.0
T6_vLLM,0,4480.0,271.29319932501073,9.60003597237299,0.07267953010128646,35.0,2.1194781197266463,0.0,0.0,4590.0,242.69322199023193,9.603286727597911,0.0841173182218038,35.859375,1.896040796798687,0.0,0.0
