Type,Name,Request Count,Failure Count,Median Response Time,Average Response Time,Min Response Time,Max Response Time,Average Content Size,Requests/s,Failures/s,50%,66%,75%,80%,90%,95%,98%,99%,99.9%,99.99%,100%
POST,/api/generate,3616,0,1800.0,2686.8869808368418,53.79199993330985,17879.728300031275,108.46017699115045,20.60692354248089,0.0,1800,2700,3500,3900,5300,9300,13000,14000,17000,18000,18000
,Aggregated,3616,0,1800.0,2686.8869808368418,53.79199993330985,17879.728300031275,108.46017699115045,20.60692354248089,0.0,1800,2700,3500,3900,5300,9300,13000,14000,17000,18000,18000
