Type,Name,Request Count,Failure Count,Median Response Time,Average Response Time,Min Response Time,Max Response Time,Average Content Size,Requests/s,Failures/s,50%,66%,75%,80%,90%,95%,98%,99%,99.9%,99.99%,100%
POST,/api/generate,3323,0,3500.0,4247.012011556847,54.49990008492023,16497.234800015576,108.34968402046344,30.216580323832538,0.0,3500,4300,5100,5700,7700,12000,14000,15000,16000,16000,16000
,Aggregated,3323,0,3500.0,4247.012011556847,54.49990008492023,16497.234800015576,108.34968402046344,30.216580323832538,0.0,3500,4300,5100,5700,7700,12000,14000,15000,16000,16000,16000
