Type,Name,Request Count,Failure Count,Median Response Time,Average Response Time,Min Response Time,Max Response Time,Average Content Size,Requests/s,Failures/s,50%,66%,75%,80%,90%,95%,98%,99%,99.9%,99.99%,100%
POST,/api/generate,653,0,940.0,958.742537213401,54.099899949505925,3866.905099945143,108.33537519142419,16.21431401466963,0.0,940,1300,1500,1700,1900,2000,2200,2900,3900,3900,3900
,Aggregated,653,0,940.0,958.742537213401,54.099899949505925,3866.905099945143,108.33537519142419,16.21431401466963,0.0,940,1300,1500,1700,1900,2000,2200,2900,3900,3900,3900
