Type,Name,Request Count,Failure Count,Median Response Time,Average Response Time,Min Response Time,Max Response Time,Average Content Size,Requests/s,Failures/s,50%,66%,75%,80%,90%,95%,98%,99%,99.9%,99.99%,100%
POST,/api/generate,659,0,920.0,939.5528397565618,54.34219993185252,3988.210199982859,108.39301972685888,16.356811299957446,0.0,920,1400,1500,1600,1900,2000,2200,2300,4000,4000,4000
,Aggregated,659,0,920.0,939.5528397565618,54.34219993185252,3988.210199982859,108.39301972685888,16.356811299957446,0.0,920,1400,1500,1600,1900,2000,2200,2300,4000,4000,4000
