Type,Name,Request Count,Failure Count,Median Response Time,Average Response Time,Min Response Time,Max Response Time,Average Content Size,Requests/s,Failures/s,50%,66%,75%,80%,90%,95%,98%,99%,99.9%,99.99%,100%
POST,/api/generate,650,0,960.0,1001.6713656923877,54.319499991834164,4122.365499963053,108.57538461538462,16.137063363697376,0.0,960,1300,1600,1700,1900,2000,2600,3300,4100,4100,4100
,Aggregated,650,0,960.0,1001.6713656923877,54.319499991834164,4122.365499963053,108.57538461538462,16.137063363697376,0.0,960,1300,1600,1700,1900,2000,2600,3300,4100,4100,4100
