Type,Name,Request Count,Failure Count,Median Response Time,Average Response Time,Min Response Time,Max Response Time,Average Content Size,Requests/s,Failures/s,50%,66%,75%,80%,90%,95%,98%,99%,99.9%,99.99%,100%
POST,/api/generate,1603,0,1300.0,1383.4564786020048,54.720599902793765,6673.764500068501,108.38053649407361,14.476358312016233,0.0,1300,1700,2000,2100,2800,3300,3900,4500,6200,6700,6700
,Aggregated,1603,0,1300.0,1383.4564786020048,54.720599902793765,6673.764500068501,108.38053649407361,14.476358312016233,0.0,1300,1700,2000,2100,2800,3300,3900,4500,6200,6700,6700
