Type,Name,Request Count,Failure Count,Median Response Time,Average Response Time,Min Response Time,Max Response Time,Average Content Size,Requests/s,Failures/s,50%,66%,75%,80%,90%,95%,98%,99%,99.9%,99.99%,100%
POST,/api/generate,1276,0,880.0,907.7661002362636,54.2707999702543,3906.6823999164626,108.52194357366771,30.80370799863564,0.0,880,1300,1500,1600,1900,2000,2100,2500,3800,3900,3900
,Aggregated,1276,0,880.0,907.7661002362636,54.2707999702543,3906.6823999164626,108.52194357366771,30.80370799863564,0.0,880,1300,1500,1600,1900,2000,2100,2500,3800,3900,3900
