Type,Name,Request Count,Failure Count,Median Response Time,Average Response Time,Min Response Time,Max Response Time,Average Content Size,Requests/s,Failures/s,50%,66%,75%,80%,90%,95%,98%,99%,99.9%,99.99%,100%
POST,/api/generate,1255,0,900.0,956.4135244609677,54.08939998596907,4069.1852000309154,108.39282868525896,30.425643640740883,0.0,900,1300,1500,1700,1900,2000,2400,3000,4100,4100,4100
,Aggregated,1255,0,900.0,956.4135244609677,54.08939998596907,4069.1852000309154,108.39282868525896,30.425643640740883,0.0,900,1300,1500,1700,1900,2000,2400,3000,4100,4100,4100
