Type,Name,Request Count,Failure Count,Median Response Time,Average Response Time,Min Response Time,Max Response Time,Average Content Size,Requests/s,Failures/s,50%,66%,75%,80%,90%,95%,98%,99%,99.9%,99.99%,100%
POST,/api/generate,1231,0,900.0,945.1896233979127,53.85919997934252,3989.8723999504,108.71242891957758,30.555323945345663,0.0,900,1300,1500,1700,1900,2000,2200,2600,3800,4000,4000
,Aggregated,1231,0,900.0,945.1896233979127,53.85919997934252,3989.8723999504,108.71242891957758,30.555323945345663,0.0,900,1300,1500,1700,1900,2000,2200,2600,3800,4000,4000
