Type,Name,Request Count,Failure Count,Median Response Time,Average Response Time,Min Response Time,Max Response Time,Average Content Size,Requests/s,Failures/s,50%,66%,75%,80%,90%,95%,98%,99%,99.9%,99.99%,100%
POST,/api/generate,1233,0,880.0,934.5763308191158,53.85649995878339,4263.56589992065,108.63179237631792,30.60945180733417,0.0,880,1300,1500,1700,1900,2000,2500,3000,4000,4300,4300
,Aggregated,1233,0,880.0,934.5763308191158,53.85649995878339,4263.56589992065,108.63179237631792,30.60945180733417,0.0,880,1300,1500,1700,1900,2000,2500,3000,4000,4300,4300
