Type,Name,Request Count,Failure Count,Median Response Time,Average Response Time,Min Response Time,Max Response Time,Average Content Size,Requests/s,Failures/s,50%,66%,75%,80%,90%,95%,98%,99%,99.9%,99.99%,100%
POST,/api/generate,1240,0,860.0,917.5574620174536,53.85779996868223,4109.239500015974,108.72983870967742,30.720058850919195,0.0,860,1300,1500,1600,1800,2000,2500,3200,4000,4100,4100
,Aggregated,1240,0,860.0,917.5574620174536,53.85779996868223,4109.239500015974,108.72983870967742,30.720058850919195,0.0,860,1300,1500,1600,1800,2000,2500,3200,4000,4100,4100
