Type,Name,Request Count,Failure Count,Median Response Time,Average Response Time,Min Response Time,Max Response Time,Average Content Size,Requests/s,Failures/s,50%,66%,75%,80%,90%,95%,98%,99%,99.9%,99.99%,100%
POST,/api/generate,1265,0,820.0,887.9845590490789,53.846900002099574,3948.36729997769,108.73913043478261,31.359276126593848,0.0,820,1300,1500,1600,1800,2000,2100,2400,3700,3900,3900
,Aggregated,1265,0,820.0,887.9845590490789,53.846900002099574,3948.36729997769,108.73913043478261,31.359276126593848,0.0,820,1300,1500,1600,1800,2000,2100,2400,3700,3900,3900
