Type,Name,Request Count,Failure Count,Median Response Time,Average Response Time,Min Response Time,Max Response Time,Average Content Size,Requests/s,Failures/s,50%,66%,75%,80%,90%,95%,98%,99%,99.9%,99.99%,100%
POST,/api/generate,1259,0,880.0,926.1727667994527,54.43130002822727,3870.5851000268012,108.40270055599682,30.401989923366344,0.0,880,1300,1500,1600,1900,2000,2100,2600,3800,3900,3900
,Aggregated,1259,0,880.0,926.1727667994527,54.43130002822727,3870.5851000268012,108.40270055599682,30.401989923366344,0.0,880,1300,1500,1600,1900,2000,2100,2600,3800,3900,3900
