Type,Name,Request Count,Failure Count,Median Response Time,Average Response Time,Min Response Time,Max Response Time,Average Content Size,Requests/s,Failures/s,50%,66%,75%,80%,90%,95%,98%,99%,99.9%,99.99%,100%
POST,/api/generate,1254,0,880.0,882.8351005557754,53.94250003155321,3705.52439999301,108.58931419457736,31.155497823169807,0.0,880,1200,1500,1600,1800,2000,2000,2100,2100,3700,3700
,Aggregated,1254,0,880.0,882.8351005557754,53.94250003155321,3705.52439999301,108.58931419457736,31.155497823169807,0.0,880,1200,1500,1600,1800,2000,2000,2100,2100,3700,3700
