Type,Name,Request Count,Failure Count,Median Response Time,Average Response Time,Min Response Time,Max Response Time,Average Content Size,Requests/s,Failures/s,50%,66%,75%,80%,90%,95%,98%,99%,99.9%,99.99%,100%
POST,/api/generate,1237,0,860.0,937.5264668546763,53.73160005547106,4065.539999981411,108.77445432497979,30.675957654836676,0.0,860,1300,1500,1700,1900,2000,2300,3100,4000,4100,4100
,Aggregated,1237,0,860.0,937.5264668546763,53.73160005547106,4065.539999981411,108.77445432497979,30.675957654836676,0.0,860,1300,1500,1700,1900,2000,2300,3100,4000,4100,4100
