Type,Name,Request Count,Failure Count,Median Response Time,Average Response Time,Min Response Time,Max Response Time,Average Content Size,Requests/s,Failures/s,50%,66%,75%,80%,90%,95%,98%,99%,99.9%,99.99%,100%
POST,/api/generate,1730,0,1600.0,1669.7960274556458,53.46329999156296,7629.978299955837,108.63352601156069,41.12727386642213,0.0,1600,2000,2400,2600,3100,3600,4200,4900,6600,7600,7600
,Aggregated,1730,0,1600.0,1669.7960274556458,53.46329999156296,7629.978299955837,108.63352601156069,41.12727386642213,0.0,1600,2000,2400,2600,3100,3600,4200,4900,6600,7600,7600
