Type,Name,Request Count,Failure Count,Median Response Time,Average Response Time,Min Response Time,Max Response Time,Average Content Size,Requests/s,Failures/s,50%,66%,75%,80%,90%,95%,98%,99%,99.9%,99.99%,100%
POST,/api/generate,1494,0,1500.0,1616.9311558897732,56.04200006928295,6131.6255000419915,108.40629183400267,40.80971355415064,0.0,1500,1900,2200,2500,3100,3800,4300,5000,6100,6100,6100
,Aggregated,1494,0,1500.0,1616.9311558897732,56.04200006928295,6131.6255000419915,108.40629183400267,40.80971355415064,0.0,1500,1900,2200,2500,3100,3800,4300,5000,6100,6100,6100
