Type,Name,Request Count,Failure Count,Median Response Time,Average Response Time,Min Response Time,Max Response Time,Average Content Size,Requests/s,Failures/s,50%,66%,75%,80%,90%,95%,98%,99%,99.9%,99.99%,100%
POST,/api/generate,1635,0,1600.0,1695.1771477690188,55.92190008610487,7230.167799978517,108.43669724770642,40.547404775531554,0.0,1600,2000,2400,2700,3200,3800,4300,5000,6700,7200,7200
,Aggregated,1635,0,1600.0,1695.1771477690188,55.92190008610487,7230.167799978517,108.43669724770642,40.547404775531554,0.0,1600,2000,2400,2700,3200,3800,4300,5000,6700,7200,7200
