Type,Name,Request Count,Failure Count,Median Response Time,Average Response Time,Min Response Time,Max Response Time,Average Content Size,Requests/s,Failures/s,50%,66%,75%,80%,90%,95%,98%,99%,99.9%,99.99%,100%
POST,/api/generate,1443,0,1500.0,1620.730167359765,55.16310001257807,7290.204799966887,108.35689535689535,40.16339176108866,0.0,1500,1900,2200,2400,3200,3800,4600,5100,6400,7300,7300
,Aggregated,1443,0,1500.0,1620.730167359765,55.16310001257807,7290.204799966887,108.35689535689535,40.16339176108866,0.0,1500,1900,2200,2400,3200,3800,4600,5100,6400,7300,7300
