Type,Name,Request Count,Failure Count,Median Response Time,Average Response Time,Min Response Time,Max Response Time,Average Content Size,Requests/s,Failures/s,50%,66%,75%,80%,90%,95%,98%,99%,99.9%,99.99%,100%
POST,/api/generate,1509,0,1400.0,1518.0319204101477,54.353300016373396,6070.879900013097,108.61497680583167,41.650959403980295,0.0,1400,1800,2100,2300,2900,3400,4000,4400,5600,6100,6100
,Aggregated,1509,0,1400.0,1518.0319204101477,54.353300016373396,6070.879900013097,108.61497680583167,41.650959403980295,0.0,1400,1800,2100,2300,2900,3400,4000,4400,5600,6100,6100
