Type,Name,Request Count,Failure Count,Median Response Time,Average Response Time,Min Response Time,Max Response Time,Average Content Size,Requests/s,Failures/s,50%,66%,75%,80%,90%,95%,98%,99%,99.9%,99.99%,100%
POST,/api/generate,1446,0,1400.0,1551.9839662502688,55.31819991301745,6837.994600064121,108.3015214384509,40.27135917071604,0.0,1400,1900,2100,2300,2900,3500,4400,5100,5900,6800,6800
,Aggregated,1446,0,1400.0,1551.9839662502688,55.31819991301745,6837.994600064121,108.3015214384509,40.27135917071604,0.0,1400,1900,2100,2300,2900,3500,4400,5100,5900,6800,6800
