Type,Name,Request Count,Failure Count,Median Response Time,Average Response Time,Min Response Time,Max Response Time,Average Content Size,Requests/s,Failures/s,50%,66%,75%,80%,90%,95%,98%,99%,99.9%,99.99%,100%
POST,/api/generate,1623,0,1600.0,1729.8587414058607,54.15530002210289,7076.516399974935,108.38139248305608,40.19451732539179,0.0,1600,2000,2300,2600,3200,3800,5000,5400,7000,7100,7100
,Aggregated,1623,0,1600.0,1729.8587414058607,54.15530002210289,7076.516399974935,108.38139248305608,40.19451732539179,0.0,1600,2000,2300,2600,3200,3800,5000,5400,7000,7100,7100
