Type,Name,Request Count,Failure Count,Median Response Time,Average Response Time,Min Response Time,Max Response Time,Average Content Size,Requests/s,Failures/s,50%,66%,75%,80%,90%,95%,98%,99%,99.9%,99.99%,100%
POST,/api/generate,1663,0,1600.0,1653.0761680096332,54.3331999797374,6219.490899937227,108.46301864101022,41.27456137364152,0.0,1600,2000,2300,2500,3200,3700,4300,4900,6100,6200,6200
,Aggregated,1663,0,1600.0,1653.0761680096332,54.3331999797374,6219.490899937227,108.46301864101022,41.27456137364152,0.0,1600,2000,2300,2500,3200,3700,4300,4900,6100,6200,6200
