Type,Name,Request Count,Failure Count,Median Response Time,Average Response Time,Min Response Time,Max Response Time,Average Content Size,Requests/s,Failures/s,50%,66%,75%,80%,90%,95%,98%,99%,99.9%,99.99%,100%
POST,/api/generate,1719,0,1400.0,1534.3109707974754,54.24910003785044,6070.401499979198,108.53577661431065,42.67081848699353,0.0,1400,1900,2100,2400,2900,3400,4000,4600,6100,6100,6100
,Aggregated,1719,0,1400.0,1534.3109707974754,54.24910003785044,6070.401499979198,108.53577661431065,42.67081848699353,0.0,1400,1900,2100,2400,2900,3400,4000,4600,6100,6100,6100
