Type,Name,Request Count,Failure Count,Median Response Time,Average Response Time,Min Response Time,Max Response Time,Average Content Size,Requests/s,Failures/s,50%,66%,75%,80%,90%,95%,98%,99%,99.9%,99.99%,100%
POST,/api/generate,1720,0,1500.0,1650.3157625008012,54.43739995826036,6174.98130002059,108.58720930232558,41.662406631174996,0.0,1500,2000,2300,2600,3200,3700,4300,4900,5900,6200,6200
,Aggregated,1720,0,1500.0,1650.3157625008012,54.43739995826036,6174.98130002059,108.58720930232558,41.662406631174996,0.0,1500,2000,2300,2600,3200,3700,4300,4900,5900,6200,6200
