Type,Name,Request Count,Failure Count,Median Response Time,Average Response Time,Min Response Time,Max Response Time,Average Content Size,Requests/s,Failures/s,50%,66%,75%,80%,90%,95%,98%,99%,99.9%,99.99%,100%
POST,/api/generate,1189,0,1000.0,1053.5875354928557,54.110600030981004,4130.608200095594,108.76955424726661,29.479824392957333,0.0,1000,1400,1600,1800,2000,2400,3200,3600,4100,4100,4100
,Aggregated,1189,0,1000.0,1053.5875354928557,54.110600030981004,4130.608200095594,108.76955424726661,29.479824392957333,0.0,1000,1400,1600,1800,2000,2400,3200,3600,4100,4100,4100
