Type,Name,Request Count,Failure Count,Median Response Time,Average Response Time,Min Response Time,Max Response Time,Average Content Size,Requests/s,Failures/s,50%,66%,75%,80%,90%,95%,98%,99%,99.9%,99.99%,100%
POST,/api/generate,1064,0,980.0,1048.7723663533316,54.38779992982745,4214.581099920906,108.05451127819549,29.035497007750855,0.0,980,1400,1600,1800,2000,2300,3200,3600,4200,4200,4200
,Aggregated,1064,0,980.0,1048.7723663533316,54.38779992982745,4214.581099920906,108.05451127819549,29.035497007750855,0.0,980,1400,1600,1800,2000,2300,3200,3600,4200,4200,4200
