Type,Name,Request Count,Failure Count,Median Response Time,Average Response Time,Min Response Time,Max Response Time,Average Content Size,Requests/s,Failures/s,50%,66%,75%,80%,90%,95%,98%,99%,99.9%,99.99%,100%
POST,/api/generate,1228,0,960.0,1008.4459991061586,54.07030007336289,4083.2417000783607,108.60260586319218,29.58812818855756,0.0,960,1400,1600,1700,2000,2100,2700,3200,3900,4100,4100
,Aggregated,1228,0,960.0,1008.4459991061586,54.07030007336289,4083.2417000783607,108.60260586319218,29.58812818855756,0.0,960,1400,1600,1700,2000,2100,2700,3200,3900,4100,4100
