Type,Name,Request Count,Failure Count,Median Response Time,Average Response Time,Min Response Time,Max Response Time,Average Content Size,Requests/s,Failures/s,50%,66%,75%,80%,90%,95%,98%,99%,99.9%,99.99%,100%
POST,/api/generate,1192,0,1000.0,1110.4470999148086,54.362299968488514,4387.02090003062,108.0251677852349,28.752251256751016,0.0,1000,1500,1700,1800,2100,2500,3100,3500,4200,4400,4400
,Aggregated,1192,0,1000.0,1110.4470999148086,54.362299968488514,4387.02090003062,108.0251677852349,28.752251256751016,0.0,1000,1500,1700,1800,2100,2500,3100,3500,4200,4400,4400
