Type,Name,Request Count,Failure Count,Median Response Time,Average Response Time,Min Response Time,Max Response Time,Average Content Size,Requests/s,Failures/s,50%,66%,75%,80%,90%,95%,98%,99%,99.9%,99.99%,100%
POST,/api/generate,1177,0,1100.0,1076.874986320703,54.30479999631643,4107.674099970609,108.04333050127443,29.18621798976343,0.0,1100,1500,1600,1800,2000,2200,2800,3300,4000,4100,4100
,Aggregated,1177,0,1100.0,1076.874986320703,54.30479999631643,4107.674099970609,108.04333050127443,29.18621798976343,0.0,1100,1500,1600,1800,2000,2200,2800,3300,4000,4100,4100
