Type,Name,Request Count,Failure Count,Median Response Time,Average Response Time,Min Response Time,Max Response Time,Average Content Size,Requests/s,Failures/s,50%,66%,75%,80%,90%,95%,98%,99%,99.9%,99.99%,100%
POST,/api/generate,1061,0,850.0,932.903088408704,55.59979996178299,3828.412999981083,108.47313854853911,30.02808839242996,0.0,850,1300,1500,1600,1900,2000,2400,3400,3800,3800,3800
,Aggregated,1061,0,850.0,932.903088408704,55.59979996178299,3828.412999981083,108.47313854853911,30.02808839242996,0.0,850,1300,1500,1600,1900,2000,2400,3400,3800,3800,3800
