Type,Name,Request Count,Failure Count,Median Response Time,Average Response Time,Min Response Time,Max Response Time,Average Content Size,Requests/s,Failures/s,50%,66%,75%,80%,90%,95%,98%,99%,99.9%,99.99%,100%
POST,/api/generate,1241,0,920.0,1011.8895042697974,54.16870000772178,5469.368200050667,108.56406124093473,29.907143413696367,0.0,920,1400,1600,1700,2000,2200,2900,3300,4700,5500,5500
,Aggregated,1241,0,920.0,1011.8895042697974,54.16870000772178,5469.368200050667,108.56406124093473,29.907143413696367,0.0,920,1400,1600,1700,2000,2200,2900,3300,4700,5500,5500
