Type,Name,Request Count,Failure Count,Median Response Time,Average Response Time,Min Response Time,Max Response Time,Average Content Size,Requests/s,Failures/s,50%,66%,75%,80%,90%,95%,98%,99%,99.9%,99.99%,100%
POST,/api/generate,1237,0,950.0,1029.530639772807,54.15240000002086,3905.6669999845326,108.62085691188359,29.855844424514668,0.0,950,1400,1600,1800,2000,2300,3100,3400,3800,3900,3900
,Aggregated,1237,0,950.0,1029.530639772807,54.15240000002086,3905.6669999845326,108.62085691188359,29.855844424514668,0.0,950,1400,1600,1800,2000,2300,3100,3400,3800,3900,3900
