Type,Name,Request Count,Failure Count,Median Response Time,Average Response Time,Min Response Time,Max Response Time,Average Content Size,Requests/s,Failures/s,50%,66%,75%,80%,90%,95%,98%,99%,99.9%,99.99%,100%
POST,/api/generate,1240,0,940.0,1012.2061637914627,53.46079997252673,4727.1980999503285,108.67177419354839,29.949358366808813,0.0,940,1400,1600,1700,2000,2200,3200,3800,4600,4700,4700
,Aggregated,1240,0,940.0,1012.2061637914627,53.46079997252673,4727.1980999503285,108.67177419354839,29.949358366808813,0.0,940,1400,1600,1700,2000,2200,3200,3800,4600,4700,4700
