Type,Name,Request Count,Failure Count,Median Response Time,Average Response Time,Min Response Time,Max Response Time,Average Content Size,Requests/s,Failures/s,50%,66%,75%,80%,90%,95%,98%,99%,99.9%,99.99%,100%
POST,/api/generate,1202,0,1000.0,1041.1042302806038,54.043699987232685,4396.759000024758,108.59234608985025,29.7890873887877,0.0,1000,1400,1600,1700,2000,2300,2900,3300,4100,4400,4400
,Aggregated,1202,0,1000.0,1041.1042302806038,54.043699987232685,4396.759000024758,108.59234608985025,29.7890873887877,0.0,1000,1400,1600,1700,2000,2300,2900,3300,4100,4400,4400
