Type,Name,Request Count,Failure Count,Median Response Time,Average Response Time,Min Response Time,Max Response Time,Average Content Size,Requests/s,Failures/s,50%,66%,75%,80%,90%,95%,98%,99%,99.9%,99.99%,100%
POST,/api/generate,1760,0,1100.0,1150.7086515339324,53.97200002335012,4291.42010002397,108.24431818181819,47.50771869499601,0.0,1100,1500,1700,1900,2100,2500,3000,3300,4200,4300,4300
,Aggregated,1760,0,1100.0,1150.7086515339324,53.97200002335012,4291.42010002397,108.24431818181819,47.50771869499601,0.0,1100,1500,1700,1900,2100,2500,3000,3300,4200,4300,4300
