Type,Name,Request Count,Failure Count,Median Response Time,Average Response Time,Min Response Time,Max Response Time,Average Content Size,Requests/s,Failures/s,50%,66%,75%,80%,90%,95%,98%,99%,99.9%,99.99%,100%
POST,/api/generate,2144,0,1000.0,1072.4518388994525,54.529799963347614,4112.967299995944,108.45102611940298,50.86903158148887,0.0,1000,1400,1700,1800,2000,2400,3000,3500,4000,4100,4100
,Aggregated,2144,0,1000.0,1072.4518388994525,54.529799963347614,4112.967299995944,108.45102611940298,50.86903158148887,0.0,1000,1400,1700,1800,2000,2400,3000,3500,4000,4100,4100
