Type,Name,Request Count,Failure Count,Median Response Time,Average Response Time,Min Response Time,Max Response Time,Average Content Size,Requests/s,Failures/s,50%,66%,75%,80%,90%,95%,98%,99%,99.9%,99.99%,100%
POST,/api/generate,1839,0,1000.0,1064.8330793379998,54.76289999205619,4128.972699982114,108.38390429581294,48.90386542421212,0.0,1000,1400,1600,1800,2000,2300,2800,3400,4000,4100,4100
,Aggregated,1839,0,1000.0,1064.8330793379998,54.76289999205619,4128.972699982114,108.38390429581294,48.90386542421212,0.0,1000,1400,1600,1800,2000,2300,2800,3400,4000,4100,4100
