Type,Name,Request Count,Failure Count,Median Response Time,Average Response Time,Min Response Time,Max Response Time,Average Content Size,Requests/s,Failures/s,50%,66%,75%,80%,90%,95%,98%,99%,99.9%,99.99%,100%
POST,/api/generate,1832,0,1000.0,1083.5207825340788,54.73139998503029,3789.8127998923883,108.34989082969432,48.68693313227895,0.0,1000,1400,1700,1800,2100,2400,2800,3000,3700,3800,3800
,Aggregated,1832,0,1000.0,1083.5207825340788,54.73139998503029,3789.8127998923883,108.34989082969432,48.68693313227895,0.0,1000,1400,1700,1800,2100,2400,2800,3000,3700,3800,3800
