Type,Name,Request Count,Failure Count,Median Response Time,Average Response Time,Min Response Time,Max Response Time,Average Content Size,Requests/s,Failures/s,50%,66%,75%,80%,90%,95%,98%,99%,99.9%,99.99%,100%
POST,/api/generate,1783,0,1000.0,1098.2649685915264,54.17299992404878,4236.972699989565,108.51598429613011,48.164974680948205,0.0,1000,1500,1700,1800,2100,2400,2900,3100,4100,4200,4200
,Aggregated,1783,0,1000.0,1098.2649685915264,54.17299992404878,4236.972699989565,108.51598429613011,48.164974680948205,0.0,1000,1500,1700,1800,2100,2400,2900,3100,4100,4200,4200
