Type,Name,Request Count,Failure Count,Median Response Time,Average Response Time,Min Response Time,Max Response Time,Average Content Size,Requests/s,Failures/s,50%,66%,75%,80%,90%,95%,98%,99%,99.9%,99.99%,100%
POST,/api/generate,1890,0,940.0,974.1519925932932,54.47040009312332,4561.62489997223,108.68783068783068,50.06954363507723,0.0,940,1300,1600,1700,1900,2100,2500,2800,4000,4600,4600
,Aggregated,1890,0,940.0,974.1519925932932,54.47040009312332,4561.62489997223,108.68783068783068,50.06954363507723,0.0,940,1300,1600,1700,1900,2100,2500,2800,4000,4600,4600
