Type,Name,Request Count,Failure Count,Median Response Time,Average Response Time,Min Response Time,Max Response Time,Average Content Size,Requests/s,Failures/s,50%,66%,75%,80%,90%,95%,98%,99%,99.9%,99.99%,100%
POST,/api/generate,1873,0,950.0,1007.2083863852624,55.052899988368154,3818.8576999818906,108.31233315536572,49.91907994367101,0.0,950,1400,1600,1700,2000,2100,2400,2600,3100,3800,3800
,Aggregated,1873,0,950.0,1007.2083863852624,55.052899988368154,3818.8576999818906,108.31233315536572,49.91907994367101,0.0,950,1400,1600,1700,2000,2100,2400,2600,3100,3800,3800
