Type,Name,Request Count,Failure Count,Median Response Time,Average Response Time,Min Response Time,Max Response Time,Average Content Size,Requests/s,Failures/s,50%,66%,75%,80%,90%,95%,98%,99%,99.9%,99.99%,100%
POST,/api/generate,1778,0,1000.0,1105.9457685603159,54.986400064080954,4776.59699996002,108.52587176602924,48.12657547031518,0.0,1000,1500,1700,1800,2100,2500,3100,3400,4800,4800,4800
,Aggregated,1778,0,1000.0,1105.9457685603159,54.986400064080954,4776.59699996002,108.52587176602924,48.12657547031518,0.0,1000,1500,1700,1800,2100,2500,3100,3400,4800,4800,4800
