Type,Name,Request Count,Failure Count,Median Response Time,Average Response Time,Min Response Time,Max Response Time,Average Content Size,Requests/s,Failures/s,50%,66%,75%,80%,90%,95%,98%,99%,99.9%,99.99%,100%
POST,/api/generate,1847,0,1000.0,1056.3318436393922,54.125200025737286,4520.856599905528,108.29344883595019,48.88247317183143,0.0,1000,1400,1700,1800,2000,2300,2800,3300,4100,4500,4500
,Aggregated,1847,0,1000.0,1056.3318436393922,54.125200025737286,4520.856599905528,108.29344883595019,48.88247317183143,0.0,1000,1400,1700,1800,2000,2300,2800,3300,4100,4500,4500
