Type,Name,Request Count,Failure Count,Median Response Time,Average Response Time,Min Response Time,Max Response Time,Average Content Size,Requests/s,Failures/s,50%,66%,75%,80%,90%,95%,98%,99%,99.9%,99.99%,100%
POST,/api/generate,1757,0,1100.0,1114.2112058635078,54.47840003762394,4110.652500065044,108.38417757541264,47.48005971306509,0.0,1100,1500,1700,1800,2100,2400,2800,3200,4100,4100,4100
,Aggregated,1757,0,1100.0,1114.2112058635078,54.47840003762394,4110.652500065044,108.38417757541264,47.48005971306509,0.0,1100,1500,1700,1800,2100,2400,2800,3200,4100,4100,4100
