Type,Name,Request Count,Failure Count,Median Response Time,Average Response Time,Min Response Time,Max Response Time,Average Content Size,Requests/s,Failures/s,50%,66%,75%,80%,90%,95%,98%,99%,99.9%,99.99%,100%
POST,/api/generate,2533,0,1000.0,1082.6473308328125,53.64890000782907,4399.33609997388,108.33241215949467,62.919822486771785,0.0,1000,1500,1700,1800,2000,2300,2700,3000,3800,4400,4400
,Aggregated,2533,0,1000.0,1082.6473308328125,53.64890000782907,4399.33609997388,108.33241215949467,62.919822486771785,0.0,1000,1500,1700,1800,2000,2300,2700,3000,3800,4400,4400
