Type,Name,Request Count,Failure Count,Median Response Time,Average Response Time,Min Response Time,Max Response Time,Average Content Size,Requests/s,Failures/s,50%,66%,75%,80%,90%,95%,98%,99%,99.9%,99.99%,100%
POST,/api/generate,2579,0,1100.0,1110.5399278789985,53.40869992505759,4112.782799988054,108.67429236138038,61.94325162538252,0.0,1100,1500,1700,1800,2100,2500,2900,3300,4000,4100,4100
,Aggregated,2579,0,1100.0,1110.5399278789985,53.40869992505759,4112.782799988054,108.67429236138038,61.94325162538252,0.0,1100,1500,1700,1800,2100,2500,2900,3300,4000,4100,4100
