Type,Name,Request Count,Failure Count,Median Response Time,Average Response Time,Min Response Time,Max Response Time,Average Content Size,Requests/s,Failures/s,50%,66%,75%,80%,90%,95%,98%,99%,99.9%,99.99%,100%
POST,/api/generate,2406,0,1200.0,1220.8128380294036,53.743200027383864,4736.008199979551,108.40274314214464,59.67777196102643,0.0,1200,1600,1800,1900,2300,2800,3500,3900,4500,4700,4700
,Aggregated,2406,0,1200.0,1220.8128380294036,53.743200027383864,4736.008199979551,108.40274314214464,59.67777196102643,0.0,1200,1600,1800,1900,2300,2800,3500,3900,4500,4700,4700
