Type,Name,Request Count,Failure Count,Median Response Time,Average Response Time,Min Response Time,Max Response Time,Average Content Size,Requests/s,Failures/s,50%,66%,75%,80%,90%,95%,98%,99%,99.9%,99.99%,100%
POST,/api/generate,2496,0,1100.0,1185.0228317713259,53.53320005815476,4662.953700055368,108.41386217948718,60.377279920112926,0.0,1100,1500,1700,1900,2200,2600,3100,3600,4500,4700,4700
,Aggregated,2496,0,1100.0,1185.0228317713259,53.53320005815476,4662.953700055368,108.41386217948718,60.377279920112926,0.0,1100,1500,1700,1900,2200,2600,3100,3600,4500,4700,4700
