Type,Name,Request Count,Failure Count,Median Response Time,Average Response Time,Min Response Time,Max Response Time,Average Content Size,Requests/s,Failures/s,50%,66%,75%,80%,90%,95%,98%,99%,99.9%,99.99%,100%
POST,/api/generate,2561,0,1100.0,1116.4790354163613,53.51300002075732,5437.802899978124,108.42756735650137,61.68739407433822,0.0,1100,1500,1700,1800,2100,2400,3000,3700,5100,5400,5400
,Aggregated,2561,0,1100.0,1116.4790354163613,53.51300002075732,5437.802899978124,108.42756735650137,61.68739407433822,0.0,1100,1500,1700,1800,2100,2400,3000,3700,5100,5400,5400
