Type,Name,Request Count,Failure Count,Median Response Time,Average Response Time,Min Response Time,Max Response Time,Average Content Size,Requests/s,Failures/s,50%,66%,75%,80%,90%,95%,98%,99%,99.9%,99.99%,100%
POST,/api/generate,2564,0,1000.0,1104.7334590482353,53.72269998770207,4282.8347000759095,108.46723868954759,62.090823158717086,0.0,1100,1500,1700,1800,2100,2400,2900,3400,4200,4300,4300
,Aggregated,2564,0,1000.0,1104.7334590482353,53.72269998770207,4282.8347000759095,108.46723868954759,62.090823158717086,0.0,1100,1500,1700,1800,2100,2400,2900,3400,4200,4300,4300
