Type,Name,Request Count,Failure Count,Median Response Time,Average Response Time,Min Response Time,Max Response Time,Average Content Size,Requests/s,Failures/s,50%,66%,75%,80%,90%,95%,98%,99%,99.9%,99.99%,100%
POST,/api/generate,2650,0,980.0,1066.0591673961717,53.39770007412881,4581.189900054596,108.5754716981132,63.81622424872911,0.0,980,1400,1700,1800,2100,2400,3000,3400,4500,4600,4600
,Aggregated,2650,0,980.0,1066.0591673961717,53.39770007412881,4581.189900054596,108.5754716981132,63.81622424872911,0.0,980,1400,1700,1800,2100,2400,3000,3400,4500,4600,4600
