Type,Name,Request Count,Failure Count,Median Response Time,Average Response Time,Min Response Time,Max Response Time,Average Content Size,Requests/s,Failures/s,50%,66%,75%,80%,90%,95%,98%,99%,99.9%,99.99%,100%
POST,/api/generate,2642,0,960.0,1017.1221969720137,53.409399930387735,4801.311600022018,108.53141559424678,63.84421219942938,0.0,970,1400,1600,1700,2000,2200,2500,2800,3900,4800,4800
,Aggregated,2642,0,960.0,1017.1221969720137,53.409399930387735,4801.311600022018,108.53141559424678,63.84421219942938,0.0,970,1400,1600,1700,2000,2200,2500,2800,3900,4800,4800
