Type,Name,Request Count,Failure Count,Median Response Time,Average Response Time,Min Response Time,Max Response Time,Average Content Size,Requests/s,Failures/s,50%,66%,75%,80%,90%,95%,98%,99%,99.9%,99.99%,100%
POST,/api/generate,2558,0,1000.0,1110.3035667316353,53.551899967715144,5281.208299915306,108.5625488663018,61.89553161532411,0.0,1000,1500,1700,1800,2200,2500,3000,3500,4700,5300,5300
,Aggregated,2558,0,1000.0,1110.3035667316353,53.551899967715144,5281.208299915306,108.5625488663018,61.89553161532411,0.0,1000,1500,1700,1800,2200,2500,3000,3500,4700,5300,5300
