Type,Name,Request Count,Failure Count,Median Response Time,Average Response Time,Min Response Time,Max Response Time,Average Content Size,Requests/s,Failures/s,50%,66%,75%,80%,90%,95%,98%,99%,99.9%,99.99%,100%
POST,/api/generate,2510,0,1100.0,1194.4193695218719,53.65179991349578,4674.307700013742,108.52231075697212,60.43047434519111,0.0,1100,1500,1800,1900,2300,2800,3300,3600,4300,4700,4700
,Aggregated,2510,0,1100.0,1194.4193695218719,53.65179991349578,4674.307700013742,108.52231075697212,60.43047434519111,0.0,1100,1500,1800,1900,2300,2800,3300,3600,4300,4700,4700
