Type,Name,Request Count,Failure Count,Median Response Time,Average Response Time,Min Response Time,Max Response Time,Average Content Size,Requests/s,Failures/s,50%,66%,75%,80%,90%,95%,98%,99%,99.9%,99.99%,100%
POST,/v1/completions,3493,77,1100.0,1055.1511722298167,10.803399956785142,2879.0112999267876,958.130833094761,30.17901308228468,0.6652688254611854,1100,1400,1600,1700,2000,2200,2400,2500,2700,2900,2900
,Aggregated,3493,77,1100.0,1055.1511722298167,10.803399956785142,2879.0112999267876,958.130833094761,30.17901308228468,0.6652688254611854,1100,1400,1600,1700,2000,2200,2400,2500,2700,2900,2900
