Type,Name,Request Count,Failure Count,Median Response Time,Average Response Time,Min Response Time,Max Response Time,Average Content Size,Requests/s,Failures/s,50%,66%,75%,80%,90%,95%,98%,99%,99.9%,99.99%,100%
POST,/v1/completions,334,334,4100.0,4104.169931434218,4063.6104999575764,4184.452999965288,0.0,9.500807902407345,9.500807902407345,4100,4100,4100,4100,4100,4100,4200,4200,4200,4200,4200
,Aggregated,334,334,4100.0,4104.169931434218,4063.6104999575764,4184.452999965288,0.0,9.500807902407345,9.500807902407345,4100,4100,4100,4100,4100,4100,4200,4200,4200,4200,4200
