Type,Name,Request Count,Failure Count,Median Response Time,Average Response Time,Min Response Time,Max Response Time,Average Content Size,Requests/s,Failures/s,50%,66%,75%,80%,90%,95%,98%,99%,99.9%,99.99%,100%
POST,/v1/completions,369,369,4100.0,4105.372626017363,4045.0207999674603,5012.606300064363,0.0,9.667519852169537,9.667519852169537,4100,4100,4100,4100,4100,4100,4200,4700,5000,5000,5000
,Aggregated,369,369,4100.0,4105.372626017363,4045.0207999674603,5012.606300064363,0.0,9.667519852169537,9.667519852169537,4100,4100,4100,4100,4100,4100,4200,4700,5000,5000,5000
