Type,Name,Request Count,Failure Count,Median Response Time,Average Response Time,Min Response Time,Max Response Time,Average Content Size,Requests/s,Failures/s,50%,66%,75%,80%,90%,95%,98%,99%,99.9%,99.99%,100%
POST,/v1/completions,390,390,4100.0,4094.0423858949007,4065.239300020039,4137.349499971606,0.0,9.687387669054104,9.687387669054104,4100,4100,4100,4100,4100,4100,4100,4100,4100,4100,4100
,Aggregated,390,390,4100.0,4094.0423858949007,4065.239300020039,4137.349499971606,0.0,9.687387669054104,9.687387669054104,4100,4100,4100,4100,4100,4100,4100,4100,4100,4100,4100
