Type,Name,Request Count,Failure Count,Median Response Time,Average Response Time,Min Response Time,Max Response Time,Average Content Size,Requests/s,Failures/s,50%,66%,75%,80%,90%,95%,98%,99%,99.9%,99.99%,100%
POST,/v1/completions,409,409,4100.0,4110.0262266499485,4069.342999951914,4833.4959000349045,0.0,9.768143626981221,9.768143626981221,4100,4100,4100,4100,4100,4200,4200,4500,4800,4800,4800
,Aggregated,409,409,4100.0,4110.0262266499485,4069.342999951914,4833.4959000349045,0.0,9.768143626981221,9.768143626981221,4100,4100,4100,4100,4100,4200,4200,4500,4800,4800,4800
