Type,Name,Request Count,Failure Count,Median Response Time,Average Response Time,Min Response Time,Max Response Time,Average Content Size,Requests/s,Failures/s,50%,66%,75%,80%,90%,95%,98%,99%,99.9%,99.99%,100%
POST,/v1/completions,348,348,4100.0,4111.976762643103,4062.4055999796838,4935.463200090453,0.0,9.645915053342165,9.645915053342165,4100,4100,4100,4100,4100,4200,4400,4700,4900,4900,4900
,Aggregated,348,348,4100.0,4111.976762643103,4062.4055999796838,4935.463200090453,0.0,9.645915053342165,9.645915053342165,4100,4100,4100,4100,4100,4200,4400,4700,4900,4900,4900
