Type,Name,Request Count,Failure Count,Median Response Time,Average Response Time,Min Response Time,Max Response Time,Average Content Size,Requests/s,Failures/s,50%,66%,75%,80%,90%,95%,98%,99%,99.9%,99.99%,100%
POST,/v1/completions,341,341,4100.0,4106.886673895192,4042.5779999932274,4977.765000076033,0.0,9.609881058899274,9.609881058899274,4100,4100,4100,4100,4100,4100,4400,4700,5000,5000,5000
,Aggregated,341,341,4100.0,4106.886673895192,4042.5779999932274,4977.765000076033,0.0,9.609881058899274,9.609881058899274,4100,4100,4100,4100,4100,4100,4400,4700,5000,5000,5000
