Type,Name,Request Count,Failure Count,Median Response Time,Average Response Time,Min Response Time,Max Response Time,Average Content Size,Requests/s,Failures/s,50%,66%,75%,80%,90%,95%,98%,99%,99.9%,99.99%,100%
POST,/v1/completions,348,348,4100.0,4113.11436408091,4071.4614000171423,4993.249899940565,0.0,9.551170738673868,9.551170738673868,4100,4100,4100,4100,4100,4100,4400,4900,5000,5000,5000
,Aggregated,348,348,4100.0,4113.11436408091,4071.4614000171423,4993.249899940565,0.0,9.551170738673868,9.551170738673868,4100,4100,4100,4100,4100,4100,4400,4900,5000,5000,5000
