Type,Name,Request Count,Failure Count,Median Response Time,Average Response Time,Min Response Time,Max Response Time,Average Content Size,Requests/s,Failures/s,50%,66%,75%,80%,90%,95%,98%,99%,99.9%,99.99%,100%
POST,/v1/completions,344,344,4100.0,4107.5258889539455,4067.0051999622956,4914.566899999045,0.0,9.534583379334686,9.534583379334686,4100,4100,4100,4100,4100,4200,4200,4700,4900,4900,4900
,Aggregated,344,344,4100.0,4107.5258889539455,4067.0051999622956,4914.566899999045,0.0,9.534583379334686,9.534583379334686,4100,4100,4100,4100,4100,4200,4200,4700,4900,4900,4900
