Type,Name,Request Count,Failure Count,Median Response Time,Average Response Time,Min Response Time,Max Response Time,Average Content Size,Requests/s,Failures/s,50%,66%,75%,80%,90%,95%,98%,99%,99.9%,99.99%,100%
POST,/v1/completions,341,341,4100.0,4105.200704398819,4054.8787000589073,4724.633699981496,0.0,9.571842127670337,9.571842127670337,4100,4100,4100,4100,4100,4100,4200,4600,4700,4700,4700
,Aggregated,341,341,4100.0,4105.200704398819,4054.8787000589073,4724.633699981496,0.0,9.571842127670337,9.571842127670337,4100,4100,4100,4100,4100,4100,4200,4600,4700,4700,4700
