Type,Name,Request Count,Failure Count,Median Response Time,Average Response Time,Min Response Time,Max Response Time,Average Content Size,Requests/s,Failures/s,50%,66%,75%,80%,90%,95%,98%,99%,99.9%,99.99%,100%
POST,/v1/completions,343,343,4100.0,4114.906971428052,4070.914199925028,4893.297299975529,0.0,9.495615867446574,9.495615867446574,4100,4100,4100,4100,4100,4100,4200,4800,4900,4900,4900
,Aggregated,343,343,4100.0,4114.906971428052,4070.914199925028,4893.297299975529,0.0,9.495615867446574,9.495615867446574,4100,4100,4100,4100,4100,4100,4200,4800,4900,4900,4900
