Type,Name,Request Count,Failure Count,Median Response Time,Average Response Time,Min Response Time,Max Response Time,Average Content Size,Requests/s,Failures/s,50%,66%,75%,80%,90%,95%,98%,99%,99.9%,99.99%,100%
POST,/api/generate,481,0,900.0,945.6572646598028,56.35610001627356,3868.020399939269,108.67567567567568,13.16363085713519,0.0,900,1300,1500,1700,1900,2000,2800,3400,3900,3900,3900
,Aggregated,481,0,900.0,945.6572646598028,56.35610001627356,3868.020399939269,108.67567567567568,13.16363085713519,0.0,900,1300,1500,1700,1900,2000,2800,3400,3900,3900,3900
