Type,Name,Request Count,Failure Count,Median Response Time,Average Response Time,Min Response Time,Max Response Time,Average Content Size,Requests/s,Failures/s,50%,66%,75%,80%,90%,95%,98%,99%,99.9%,99.99%,100%
POST,/api/generate,2354,0,860.0,895.7202818198011,53.984400001354516,3426.9934999756515,108.45199660152932,64.08468911730468,0.0,860,1200,1500,1600,1800,2000,2100,2100,2600,3400,3400
,Aggregated,2354,0,860.0,895.7202818198011,53.984400001354516,3426.9934999756515,108.45199660152932,64.08468911730468,0.0,860,1200,1500,1600,1800,2000,2100,2100,2600,3400,3400
