Type,Name,Request Count,Failure Count,Median Response Time,Average Response Time,Min Response Time,Max Response Time,Average Content Size,Requests/s,Failures/s,50%,66%,75%,80%,90%,95%,98%,99%,99.9%,99.99%,100%
POST,/api/generate,291,0,740.0,838.115338832972,54.31130004581064,2191.1150999367237,108.9381443298969,7.019093512937358,0.0,740,1200,1500,1600,1800,1900,2000,2100,2200,2200,2200
,Aggregated,291,0,740.0,838.115338832972,54.31130004581064,2191.1150999367237,108.9381443298969,7.019093512937358,0.0,740,1200,1500,1600,1800,1900,2000,2100,2200,2200,2200
