Type,Name,Request Count,Failure Count,Median Response Time,Average Response Time,Min Response Time,Max Response Time,Average Content Size,Requests/s,Failures/s,50%,66%,75%,80%,90%,95%,98%,99%,99.9%,99.99%,100%
POST,/api/generate,2395,0,850.0,876.0729313557307,53.82560007274151,3486.5549000678584,108.58413361169103,65.1601380611403,0.0,850,1200,1400,1600,1900,2000,2100,2100,2800,3500,3500
,Aggregated,2395,0,850.0,876.0729313557307,53.82560007274151,3486.5549000678584,108.58413361169103,65.1601380611403,0.0,850,1200,1400,1600,1900,2000,2100,2100,2800,3500,3500
