Type,Name,Request Count,Failure Count,Median Response Time,Average Response Time,Min Response Time,Max Response Time,Average Content Size,Requests/s,Failures/s,50%,66%,75%,80%,90%,95%,98%,99%,99.9%,99.99%,100%
POST,/api/generate,2355,0,860.0,896.7465447132909,54.10899990238249,3787.9743999801576,108.53375796178344,64.17253585534132,0.0,860,1300,1500,1600,1900,2000,2100,2100,3000,3800,3800
,Aggregated,2355,0,860.0,896.7465447132909,54.10899990238249,3787.9743999801576,108.53375796178344,64.17253585534132,0.0,860,1300,1500,1600,1900,2000,2100,2100,3000,3800,3800
