Type,Name,Request Count,Failure Count,Median Response Time,Average Response Time,Min Response Time,Max Response Time,Average Content Size,Requests/s,Failures/s,50%,66%,75%,80%,90%,95%,98%,99%,99.9%,99.99%,100%
POST,/api/generate,1069,0,820.0,875.5860829725208,53.55109996162355,4135.848099947907,108.64826941066417,25.748647551822263,0.0,820,1200,1500,1600,1800,2000,2000,2100,3700,4100,4100
,Aggregated,1069,0,820.0,875.5860829725208,53.55109996162355,4135.848099947907,108.64826941066417,25.748647551822263,0.0,820,1200,1500,1600,1800,2000,2000,2100,3700,4100,4100
