Type,Name,Request Count,Failure Count,Median Response Time,Average Response Time,Min Response Time,Max Response Time,Average Content Size,Requests/s,Failures/s,50%,66%,75%,80%,90%,95%,98%,99%,99.9%,99.99%,100%
POST,/api/generate,2813,0,840.0,879.6978495553052,53.51550003979355,3001.0409000096843,108.34091717028083,69.75387582273756,0.0,840,1200,1400,1600,1800,1900,2000,2100,2300,3000,3000
,Aggregated,2813,0,840.0,879.6978495553052,53.51550003979355,3001.0409000096843,108.34091717028083,69.75387582273756,0.0,840,1200,1400,1600,1800,1900,2000,2100,2300,3000,3000
