Type,Name,Request Count,Failure Count,Median Response Time,Average Response Time,Min Response Time,Max Response Time,Average Content Size,Requests/s,Failures/s,50%,66%,75%,80%,90%,95%,98%,99%,99.9%,99.99%,100%
POST,/api/generate,2401,0,860.0,902.552216243329,54.01449999772012,2985.7644999865443,108.26905456059976,64.43173687217273,0.0,860,1300,1500,1600,1900,2000,2100,2100,2700,3000,3000
,Aggregated,2401,0,860.0,902.552216243329,54.01449999772012,2985.7644999865443,108.26905456059976,64.43173687217273,0.0,860,1300,1500,1600,1900,2000,2100,2100,2700,3000,3000
