Type,Name,Request Count,Failure Count,Median Response Time,Average Response Time,Min Response Time,Max Response Time,Average Content Size,Requests/s,Failures/s,50%,66%,75%,80%,90%,95%,98%,99%,99.9%,99.99%,100%
POST,/api/generate,483,0,1000.0,962.0596103531195,54.78829995263368,2905.7188000297174,107.9544513457557,12.935648411651067,0.0,1000,1300,1600,1700,1900,2000,2000,2100,2900,2900,2900
,Aggregated,483,0,1000.0,962.0596103531195,54.78829995263368,2905.7188000297174,107.9544513457557,12.935648411651067,0.0,1000,1300,1600,1700,1900,2000,2000,2100,2900,2900,2900
