Type,Name,Request Count,Failure Count,Median Response Time,Average Response Time,Min Response Time,Max Response Time,Average Content Size,Requests/s,Failures/s,50%,66%,75%,80%,90%,95%,98%,99%,99.9%,99.99%,100%
POST,/api/generate,274,0,860.0,863.6179536485018,55.399399949237704,3709.2948999488726,109.12773722627738,6.818216312607353,0.0,860,1300,1400,1500,1700,1900,2000,2100,3700,3700,3700
,Aggregated,274,0,860.0,863.6179536485018,55.399399949237704,3709.2948999488726,109.12773722627738,6.818216312607353,0.0,860,1300,1400,1500,1700,1900,2000,2100,3700,3700,3700
