Type,Name,Request Count,Failure Count,Median Response Time,Average Response Time,Min Response Time,Max Response Time,Average Content Size,Requests/s,Failures/s,50%,66%,75%,80%,90%,95%,98%,99%,99.9%,99.99%,100%
POST,/api/generate,2374,0,820.0,881.0681842038312,54.208799963817,4168.319399934262,108.47641112047178,64.78041762562964,0.0,820,1200,1500,1600,1800,2000,2100,2100,2800,4200,4200
,Aggregated,2374,0,820.0,881.0681842038312,54.208799963817,4168.319399934262,108.47641112047178,64.78041762562964,0.0,820,1200,1500,1600,1800,2000,2100,2100,2800,4200,4200
