Type,Name,Request Count,Failure Count,Median Response Time,Average Response Time,Min Response Time,Max Response Time,Average Content Size,Requests/s,Failures/s,50%,66%,75%,80%,90%,95%,98%,99%,99.9%,99.99%,100%
POST,/api/generate,2374,0,880.0,896.0295243049668,53.635000018402934,3321.7938999878243,108.52021903959562,64.59593141705768,0.0,880,1200,1500,1600,1800,2000,2100,2100,2900,3300,3300
,Aggregated,2374,0,880.0,896.0295243049668,53.635000018402934,3321.7938999878243,108.52021903959562,64.59593141705768,0.0,880,1200,1500,1600,1800,2000,2100,2100,2900,3300,3300
