Type,Name,Request Count,Failure Count,Median Response Time,Average Response Time,Min Response Time,Max Response Time,Average Content Size,Requests/s,Failures/s,50%,66%,75%,80%,90%,95%,98%,99%,99.9%,99.99%,100%
POST,/api/generate,471,0,1000.0,1008.6114643299319,54.796300013549626,3787.6231999835,108.00424628450106,12.861431961605025,0.0,1000,1400,1600,1700,1900,2000,2100,3200,3800,3800,3800
,Aggregated,471,0,1000.0,1008.6114643299319,54.796300013549626,3787.6231999835,108.00424628450106,12.861431961605025,0.0,1000,1400,1600,1700,1900,2000,2100,3200,3800,3800,3800
