Type,Name,Request Count,Failure Count,Median Response Time,Average Response Time,Min Response Time,Max Response Time,Average Content Size,Requests/s,Failures/s,50%,66%,75%,80%,90%,95%,98%,99%,99.9%,99.99%,100%
POST,/api/generate,2367,0,880.0,917.7238288961893,53.78630000632256,3228.9244999410585,108.01943388255175,64.66059437335092,0.0,880,1300,1500,1600,1900,2000,2100,2100,2600,3200,3200
,Aggregated,2367,0,880.0,917.7238288961893,53.78630000632256,3228.9244999410585,108.01943388255175,64.66059437335092,0.0,880,1300,1500,1600,1900,2000,2100,2100,2600,3200,3200
