Type,Name,Request Count,Failure Count,Median Response Time,Average Response Time,Min Response Time,Max Response Time,Average Content Size,Requests/s,Failures/s,50%,66%,75%,80%,90%,95%,98%,99%,99.9%,99.99%,100%
POST,/api/generate,2395,0,880.0,920.3855552417002,54.086599964648485,3948.8248000852764,108.25929018789144,64.60277398603274,0.0,880,1300,1500,1600,1900,2000,2100,2400,3400,3900,3900
,Aggregated,2395,0,880.0,920.3855552417002,54.086599964648485,3948.8248000852764,108.25929018789144,64.60277398603274,0.0,880,1300,1500,1600,1900,2000,2100,2400,3400,3900,3900
