Type,Name,Request Count,Failure Count,Median Response Time,Average Response Time,Min Response Time,Max Response Time,Average Content Size,Requests/s,Failures/s,50%,66%,75%,80%,90%,95%,98%,99%,99.9%,99.99%,100%
POST,/api/generate,513,0,840.0,866.3629939585387,56.67130008805543,2625.328900059685,108.81871345029239,13.69852718346412,0.0,840,1200,1400,1600,1800,1900,2000,2100,2600,2600,2600
,Aggregated,513,0,840.0,866.3629939585387,56.67130008805543,2625.328900059685,108.81871345029239,13.69852718346412,0.0,840,1200,1400,1600,1800,1900,2000,2100,2600,2600,2600
