Type,Name,Request Count,Failure Count,Median Response Time,Average Response Time,Min Response Time,Max Response Time,Average Content Size,Requests/s,Failures/s,50%,66%,75%,80%,90%,95%,98%,99%,99.9%,99.99%,100%
POST,/api/generate,493,0,880.0,912.3546661285808,55.544100003317,3951.8012000480667,108.63894523326572,13.407548984203967,0.0,880,1300,1500,1600,1800,2000,2200,3600,4000,4000,4000
,Aggregated,493,0,880.0,912.3546661285808,55.544100003317,3951.8012000480667,108.63894523326572,13.407548984203967,0.0,880,1300,1500,1600,1800,2000,2200,3600,4000,4000,4000
