Type,Name,Request Count,Failure Count,Median Response Time,Average Response Time,Min Response Time,Max Response Time,Average Content Size,Requests/s,Failures/s,50%,66%,75%,80%,90%,95%,98%,99%,99.9%,99.99%,100%
POST,/api/generate,2392,0,890.0,907.5052825241785,54.018800030462444,2811.3408000208437,108.32566889632108,64.92945956691824,0.0,890,1300,1500,1600,1800,2000,2100,2100,2700,2800,2800
,Aggregated,2392,0,890.0,907.5052825241785,54.018800030462444,2811.3408000208437,108.32566889632108,64.92945956691824,0.0,890,1300,1500,1600,1800,2000,2100,2100,2700,2800,2800
