Type,Name,Request Count,Failure Count,Median Response Time,Average Response Time,Min Response Time,Max Response Time,Average Content Size,Requests/s,Failures/s,50%,66%,75%,80%,90%,95%,98%,99%,99.9%,99.99%,100%
POST,/api/generate,488,0,900.0,922.5042020502694,55.80009997356683,3391.4580000564456,108.43442622950819,13.017412447657952,0.0,900,1300,1500,1600,1900,2000,2100,2300,3400,3400,3400
,Aggregated,488,0,900.0,922.5042020502694,55.80009997356683,3391.4580000564456,108.43442622950819,13.017412447657952,0.0,900,1300,1500,1600,1900,2000,2100,2300,3400,3400,3400
