Type,Name,Request Count,Failure Count,Median Response Time,Average Response Time,Min Response Time,Max Response Time,Average Content Size,Requests/s,Failures/s,50%,66%,75%,80%,90%,95%,98%,99%,99.9%,99.99%,100%
POST,/api/generate,281,0,940.0,914.0539790053763,54.61540003307164,3380.7270999532193,108.49110320284697,6.958696179881758,0.0,940,1300,1500,1600,1900,2000,2100,3200,3400,3400,3400
,Aggregated,281,0,940.0,914.0539790053763,54.61540003307164,3380.7270999532193,108.49110320284697,6.958696179881758,0.0,940,1300,1500,1600,1900,2000,2100,3200,3400,3400,3400
