Type,Name,Request Count,Failure Count,Median Response Time,Average Response Time,Min Response Time,Max Response Time,Average Content Size,Requests/s,Failures/s,50%,66%,75%,80%,90%,95%,98%,99%,99.9%,99.99%,100%
POST,/api/generate,2927,0,800.0,869.7346624531928,53.47569996956736,3745.178500073962,108.54697642637512,70.64978751707456,0.0,800,1200,1500,1600,1800,2000,2000,2100,2500,3700,3700
,Aggregated,2927,0,800.0,869.7346624531928,53.47569996956736,3745.178500073962,108.54697642637512,70.64978751707456,0.0,800,1200,1500,1600,1800,2000,2000,2100,2500,3700,3700
