Type,Name,Request Count,Failure Count,Median Response Time,Average Response Time,Min Response Time,Max Response Time,Average Content Size,Requests/s,Failures/s,50%,66%,75%,80%,90%,95%,98%,99%,99.9%,99.99%,100%
POST,/api/generate,1029,0,850.0,890.5873855184926,54.21800003387034,3829.09960008692,108.34693877551021,25.5300679550716,0.0,850,1300,1500,1600,1800,2000,2000,2100,3300,3800,3800
,Aggregated,1029,0,850.0,890.5873855184926,54.21800003387034,3829.09960008692,108.34693877551021,25.5300679550716,0.0,850,1300,1500,1600,1800,2000,2000,2100,3300,3800,3800
