Type,Name,Request Count,Failure Count,Median Response Time,Average Response Time,Min Response Time,Max Response Time,Average Content Size,Requests/s,Failures/s,50%,66%,75%,80%,90%,95%,98%,99%,99.9%,99.99%,100%
POST,/api/generate,494,0,820.0,897.6953811719656,55.28870003763586,3792.1336999861524,108.51417004048584,13.13935709698731,0.0,820,1300,1500,1600,1900,2000,2000,2100,3800,3800,3800
,Aggregated,494,0,820.0,897.6953811719656,55.28870003763586,3792.1336999861524,108.51417004048584,13.13935709698731,0.0,820,1300,1500,1600,1900,2000,2000,2100,3800,3800,3800
