Type,Name,Request Count,Failure Count,Median Response Time,Average Response Time,Min Response Time,Max Response Time,Average Content Size,Requests/s,Failures/s,50%,66%,75%,80%,90%,95%,98%,99%,99.9%,99.99%,100%
POST,/api/generate,507,0,840.0,896.6887668679841,56.149100069887936,3992.049099993892,108.22485207100591,13.49090318946923,0.0,840,1200,1500,1500,1800,2000,2100,2300,4000,4000,4000
,Aggregated,507,0,840.0,896.6887668679841,56.149100069887936,3992.049099993892,108.22485207100591,13.49090318946923,0.0,840,1200,1500,1500,1800,2000,2100,2300,4000,4000,4000
