Type,Name,Request Count,Failure Count,Median Response Time,Average Response Time,Min Response Time,Max Response Time,Average Content Size,Requests/s,Failures/s,50%,66%,75%,80%,90%,95%,98%,99%,99.9%,99.99%,100%
POST,/api/generate,474,0,920.0,954.838558862758,54.99279999639839,3947.639900026843,108.22995780590718,12.914634942731317,0.0,920,1300,1500,1600,1900,2000,2800,3100,3900,3900,3900
,Aggregated,474,0,920.0,954.838558862758,54.99279999639839,3947.639900026843,108.22995780590718,12.914634942731317,0.0,920,1300,1500,1600,1900,2000,2800,3100,3900,3900,3900
