Type,Name,Request Count,Failure Count,Median Response Time,Average Response Time,Min Response Time,Max Response Time,Average Content Size,Requests/s,Failures/s,50%,66%,75%,80%,90%,95%,98%,99%,99.9%,99.99%,100%
POST,/api/generate,279,0,760.0,867.6904326135386,54.72190002910793,3786.696899915114,107.98566308243727,6.930524960381862,0.0,760,1200,1400,1600,1800,2000,2000,2100,3800,3800,3800
,Aggregated,279,0,760.0,867.6904326135386,54.72190002910793,3786.696899915114,107.98566308243727,6.930524960381862,0.0,760,1200,1400,1600,1800,2000,2000,2100,3800,3800,3800
