Type,Name,Request Count,Failure Count,Median Response Time,Average Response Time,Min Response Time,Max Response Time,Average Content Size,Requests/s,Failures/s,50%,66%,75%,80%,90%,95%,98%,99%,99.9%,99.99%,100%
POST,/api/generate,1039,0,820.0,890.6375397500045,54.722200031392276,4094.3141999887303,108.32242540904716,25.794545362896947,0.0,820,1200,1400,1600,1900,2000,2100,2500,3800,4100,4100
,Aggregated,1039,0,820.0,890.6375397500045,54.722200031392276,4094.3141999887303,108.32242540904716,25.794545362896947,0.0,820,1200,1400,1600,1900,2000,2100,2500,3800,4100,4100
