Type,Name,Request Count,Failure Count,Median Response Time,Average Response Time,Min Response Time,Max Response Time,Average Content Size,Requests/s,Failures/s,50%,66%,75%,80%,90%,95%,98%,99%,99.9%,99.99%,100%
POST,/api/generate,2778,0,850.0,884.1719409270944,53.75139997340739,3562.214200035669,108.5478761699064,68.93352252986195,0.0,850,1300,1500,1600,1800,2000,2000,2100,2800,3600,3600
,Aggregated,2778,0,850.0,884.1719409270944,53.75139997340739,3562.214200035669,108.5478761699064,68.93352252986195,0.0,850,1300,1500,1600,1800,2000,2000,2100,2800,3600,3600
