Type,Name,Request Count,Failure Count,Median Response Time,Average Response Time,Min Response Time,Max Response Time,Average Content Size,Requests/s,Failures/s,50%,66%,75%,80%,90%,95%,98%,99%,99.9%,99.99%,100%
POST,/api/generate,483,0,820.0,884.6187826087429,55.56510004680604,4012.6133000012487,108.49896480331263,13.370229772532124,0.0,820,1200,1400,1500,1900,2000,2200,3100,4000,4000,4000
,Aggregated,483,0,820.0,884.6187826087429,55.56510004680604,4012.6133000012487,108.49896480331263,13.370229772532124,0.0,820,1200,1400,1500,1900,2000,2200,3100,4000,4000,4000
