Type,Name,Request Count,Failure Count,Median Response Time,Average Response Time,Min Response Time,Max Response Time,Average Content Size,Requests/s,Failures/s,50%,66%,75%,80%,90%,95%,98%,99%,99.9%,99.99%,100%
POST,/api/generate,1918,0,800.0,870.1404257029503,53.38240007404238,4066.3402000209317,108.53441084462982,46.31574844764585,0.0,800,1200,1500,1600,1800,1900,2000,2100,2900,4100,4100
,Aggregated,1918,0,800.0,870.1404257029503,53.38240007404238,4066.3402000209317,108.53441084462982,46.31574844764585,0.0,800,1200,1500,1600,1800,1900,2000,2100,2900,4100,4100
