Type,Name,Request Count,Failure Count,Median Response Time,Average Response Time,Min Response Time,Max Response Time,Average Content Size,Requests/s,Failures/s,50%,66%,75%,80%,90%,95%,98%,99%,99.9%,99.99%,100%
POST,/api/generate,2421,0,860.0,911.4714516741764,53.91949997283518,3427.7863999595866,108.2845931433292,64.78814318425881,0.0,860,1300,1500,1600,1900,2000,2100,2100,2700,3400,3400
,Aggregated,2421,0,860.0,911.4714516741764,53.91949997283518,3427.7863999595866,108.2845931433292,64.78814318425881,0.0,860,1300,1500,1600,1900,2000,2100,2100,2700,3400,3400
