Type,Name,Request Count,Failure Count,Median Response Time,Average Response Time,Min Response Time,Max Response Time,Average Content Size,Requests/s,Failures/s,50%,66%,75%,80%,90%,95%,98%,99%,99.9%,99.99%,100%
POST,/api/generate,670,0,1200.0,1189.0468304462509,259.75939992349595,4103.373900055885,107.70746268656717,32.363522015113695,0.0,1200,1400,1600,1700,1900,2000,2300,3200,4100,4100,4100
TPOT,ArXiv,670,0,6,7.971394867560708,0.09638205095407557,62.06051067069725,276.65671641791045,32.363522015113695,0.0,6,9,10,12,16,20,27,32,62,62,62
,Aggregated,1340,0,62,598.5091126569059,0.09638205095407557,4103.373900055885,192.1820895522388,64.72704403022739,0.0,260,820,1200,1300,1700,1900,2100,2300,4100,4100,4100
