Type,Name,Request Count,Failure Count,Median Response Time,Average Response Time,Min Response Time,Max Response Time,Average Content Size,Requests/s,Failures/s,50%,66%,75%,80%,90%,95%,98%,99%,99.9%,99.99%,100%
POST,/api/generate,625,0,1300.0,1345.3305891206487,256.62020000163466,4133.350699907169,106.048,29.580815413078092,0.0,1300,1600,1800,1900,2000,2300,3200,3800,4100,4100,4100
TPOT,Code,625,0,16,19.009391560869307,0.6063229569764895,82.64323234558105,98.9776,29.580815413078092,0.0,16,22,26,29,37,40,59,75,83,83,83
,Aggregated,1250,0,83,682.1699903407583,0.6063229569764895,4133.350699907169,102.5128,59.161630826156184,0.0,260,970,1300,1500,1900,2000,2400,3200,4100,4100,4100
