Type,Name,Request Count,Failure Count,Median Response Time,Average Response Time,Min Response Time,Max Response Time,Average Content Size,Requests/s,Failures/s,50%,66%,75%,80%,90%,95%,98%,99%,99.9%,99.99%,100%
POST,/api/generate,798,0,1200.0,1283.3081035108019,256.01909996476024,3987.811699975282,106.6390977443609,31.66324194920809,0.0,1200,1500,1700,1800,2000,2200,2800,3400,4000,4000,4000
TPOT,Enterprise,798,0,4,5.24336519735896,0.6200419022486761,33.460702896118164,297.9185463659148,31.66324194920809,0.0,4,6,7,7,10,13,16,18,33,33,33
,Aggregated,1596,0,33,644.2757343540811,0.6200419022486761,3987.811699975282,202.27882205513785,63.32648389841618,0.0,260,890,1200,1400,1800,2000,2300,2800,4000,4000,4000
