Type,Name,Request Count,Failure Count,Median Response Time,Average Response Time,Min Response Time,Max Response Time,Average Content Size,Requests/s,Failures/s,50%,66%,75%,80%,90%,95%,98%,99%,99.9%,99.99%,100%
POST,/api/generate,464,0,1200.0,1224.4324573264998,260.10980003047734,4071.753100026399,106.00431034482759,19.99436890586965,0.0,1200,1500,1700,1700,1900,2000,3000,3500,4100,4100,4100
TPOT,FlowGPT,464,0,9,11.505961493710855,1.7161664142403552,61.69639572952733,123.27155172413794,19.99436890586965,0.0,10,12,15,16,23,27,32,34,62,62,62
,Aggregated,928,0,62,617.9692094101056,1.7161664142403552,4071.753100026399,114.63793103448276,39.9887378117393,0.0,260,840,1200,1400,1700,1900,2100,3000,4100,4100,4100
