Type,Name,Request Count,Failure Count,Median Response Time,Average Response Time,Min Response Time,Max Response Time,Average Content Size,Requests/s,Failures/s,50%,66%,75%,80%,90%,95%,98%,99%,99.9%,99.99%,100%
POST,/api/generate,378,0,1200.0,1256.8462796317704,257.9053998924792,3906.204400002025,106.01058201058201,19.378044674788182,0.0,1200,1500,1700,1800,2000,2100,3100,3700,3900,3900,3900
TPOT,FlowGPT,378,0,10,12.039254213346792,1.29011869430542,57.79158274332682,124.04232804232804,19.378044674788182,0.0,10,12,15,18,24,30,36,48,58,58,58
,Aggregated,756,0,58,634.4427669225586,1.29011869430542,3906.204400002025,115.02645502645503,38.756089349576364,0.0,260,900,1200,1400,1800,2000,2200,3100,3900,3900,3900
