Type,Name,Request Count,Failure Count,Median Response Time,Average Response Time,Min Response Time,Max Response Time,Average Content Size,Requests/s,Failures/s,50%,66%,75%,80%,90%,95%,98%,99%,99.9%,99.99%,100%
POST,/api/generate,807,0,1200.0,1257.3840910786084,256.5794000402093,4067.081900080666,106.02602230483271,32.08979582185922,0.0,1200,1500,1700,1800,2000,2200,2900,3500,4100,4100,4100
TPOT,FlowGPT,807,0,9,11.454248969957382,1.5059863819795496,59.77662267356083,125.48079306071871,32.08979582185922,0.0,9,12,14,16,21,28,34,38,60,60,60
,Aggregated,1614,0,60,634.4191700242824,1.5059863819795496,4067.081900080666,115.75340768277572,64.17959164371844,0.0,260,880,1200,1400,1800,2000,2300,2900,4100,4100,4100
