Type,Name,Request Count,Failure Count,Median Response Time,Average Response Time,Min Response Time,Max Response Time,Average Content Size,Requests/s,Failures/s,50%,66%,75%,80%,90%,95%,98%,99%,99.9%,99.99%,100%
POST,/api/generate,532,0,1400.0,1491.7130842115607,256.93360005971044,4111.336599919014,105.29323308270676,26.93455604727553,0.0,1400,1800,1900,2000,2500,2900,3600,3800,4100,4100,4100
TPOT,ShareGPT,532,0,11,11.65428467767131,2.008005976676941,32.118141651153564,128.0,26.93455604727553,0.0,11,14,15,16,20,23,28,30,32,32,32
,Aggregated,1064,0,32,751.683684444616,2.008005976676941,4111.336599919014,116.64661654135338,53.86911209455106,0.0,260,1100,1400,1600,2000,2500,3100,3600,4000,4100,4100
