Type,Name,Request Count,Failure Count,Median Response Time,Average Response Time,Min Response Time,Max Response Time,Average Content Size,Requests/s,Failures/s,50%,66%,75%,80%,90%,95%,98%,99%,99.9%,99.99%,100%
POST,/api/generate,528,0,1500.0,1464.767597916238,257.1917000459507,3723.3895000535995,105.48863636363636,27.002226063435106,0.0,1500,1700,1900,2000,2300,2600,2800,3100,3700,3700,3700
TPOT,ShareGPT,528,0,12,11.443857371694211,2.0071472972631454,29.087360948324203,128.0,27.002226063435106,0.0,12,14,15,15,18,20,22,24,29,29,29
,Aggregated,1056,0,29,738.105727643966,2.0071472972631454,3723.3895000535995,116.74431818181819,54.00445212687021,0.0,260,1100,1500,1700,2000,2300,2600,2800,3500,3700,3700
