Type,Name,Request Count,Failure Count,Median Response Time,Average Response Time,Min Response Time,Max Response Time,Average Content Size,Requests/s,Failures/s,50%,66%,75%,80%,90%,95%,98%,99%,99.9%,99.99%,100%
POST,/api/generate,630,0,1600.0,1653.702702695164,255.75729995034635,5174.364199978299,105.29206349206349,25.08996461147323,0.0,1600,1900,2100,2200,2800,3400,4100,4500,5200,5200,5200
TPOT,ShareGPT,630,0,12,12.919732251219333,1.9993428140878677,40.42470641434193,128.0,25.08996461147323,0.0,12,14,16,17,22,26,32,35,40,40,40
,Aggregated,1260,0,40,833.3112174731916,1.9993428140878677,5174.364199978299,116.64603174603175,50.17992922294646,0.0,260,1200,1600,1700,2200,2800,3600,4100,5100,5200,5200
