Type,Name,Request Count,Failure Count,Median Response Time,Average Response Time,Min Response Time,Max Response Time,Average Content Size,Requests/s,Failures/s,50%,66%,75%,80%,90%,95%,98%,99%,99.9%,99.99%,100%
POST,/api/generate,647,0,2100.0,2493.172356106378,257.02309992630035,6929.854099988006,105.42040185471407,32.17982601809223,0.0,2100,2900,3400,3700,4700,5400,5900,6200,6900,6900,6900
TPOT,ShareGPT,647,0,17,19.478233554148602,2.007419243454933,54.14432846009731,128.0,32.17982601809223,0.0,17,22,26,29,37,43,46,49,54,54,54
,Aggregated,1294,0,54,1256.3252948302634,2.007419243454933,6929.854099988006,116.71020092735704,64.35965203618446,0.0,260,1600,2100,2600,3700,4700,5600,5900,6900,6900,6900
